entry_id,timestamp_utc,queue_id,update_type,status_after,percent_after,step_title,step_detail,files_touched,tests_run,test_result,evidence_ref,updated_by
E0001,2026-02-14T22:29:08Z,P0-01,BOOTSTRAP,NOT_STARTED,0,Queue initialized,Initial row created from prioritized queue,ScratchRobin/docs/conformance/BETA1B_IMPLEMENTATION_PROGRESS_TRACKER.csv,N/A,N/A,local_work/docs/specifications_beta1b/work/BETA1B_IMPLEMENTATION_PRIORITY_QUEUE_2026-02-14.md,codex
E0002,2026-02-14T22:29:08Z,P0-02,BOOTSTRAP,NOT_STARTED,0,Queue initialized,Initial row created from prioritized queue,ScratchRobin/docs/conformance/BETA1B_IMPLEMENTATION_PROGRESS_TRACKER.csv,N/A,N/A,local_work/docs/specifications_beta1b/work/BETA1B_IMPLEMENTATION_PRIORITY_QUEUE_2026-02-14.md,codex
E0003,2026-02-14T22:29:08Z,P0-03,BOOTSTRAP,NOT_STARTED,0,Queue initialized,Initial row created from prioritized queue,ScratchRobin/docs/conformance/BETA1B_IMPLEMENTATION_PROGRESS_TRACKER.csv,N/A,N/A,local_work/docs/specifications_beta1b/work/BETA1B_IMPLEMENTATION_PRIORITY_QUEUE_2026-02-14.md,codex
E0004,2026-02-14T22:29:08Z,P0-04,BOOTSTRAP,NOT_STARTED,0,Queue initialized,Initial row created from prioritized queue,ScratchRobin/docs/conformance/BETA1B_IMPLEMENTATION_PROGRESS_TRACKER.csv,N/A,N/A,local_work/docs/specifications_beta1b/work/BETA1B_IMPLEMENTATION_PRIORITY_QUEUE_2026-02-14.md,codex
E0005,2026-02-14T22:29:08Z,P0-05,BOOTSTRAP,NOT_STARTED,0,Queue initialized,Initial row created from prioritized queue,ScratchRobin/docs/conformance/BETA1B_IMPLEMENTATION_PROGRESS_TRACKER.csv,N/A,N/A,local_work/docs/specifications_beta1b/work/BETA1B_IMPLEMENTATION_PRIORITY_QUEUE_2026-02-14.md,codex
E0006,2026-02-14T22:29:08Z,P0-06,BOOTSTRAP,NOT_STARTED,0,Queue initialized,Initial row created from prioritized queue,ScratchRobin/docs/conformance/BETA1B_IMPLEMENTATION_PROGRESS_TRACKER.csv,N/A,N/A,local_work/docs/specifications_beta1b/work/BETA1B_IMPLEMENTATION_PRIORITY_QUEUE_2026-02-14.md,codex
E0007,2026-02-14T22:29:08Z,P0-07,BOOTSTRAP,NOT_STARTED,0,Queue initialized,Initial row created from prioritized queue,ScratchRobin/docs/conformance/BETA1B_IMPLEMENTATION_PROGRESS_TRACKER.csv,N/A,N/A,local_work/docs/specifications_beta1b/work/BETA1B_IMPLEMENTATION_PRIORITY_QUEUE_2026-02-14.md,codex
E0008,2026-02-14T22:29:08Z,P1-01,BOOTSTRAP,NOT_STARTED,0,Queue initialized,Initial row created from prioritized queue,ScratchRobin/docs/conformance/BETA1B_IMPLEMENTATION_PROGRESS_TRACKER.csv,N/A,N/A,local_work/docs/specifications_beta1b/work/BETA1B_IMPLEMENTATION_PRIORITY_QUEUE_2026-02-14.md,codex
E0009,2026-02-14T22:29:08Z,P1-02,BOOTSTRAP,NOT_STARTED,0,Queue initialized,Initial row created from prioritized queue,ScratchRobin/docs/conformance/BETA1B_IMPLEMENTATION_PROGRESS_TRACKER.csv,N/A,N/A,local_work/docs/specifications_beta1b/work/BETA1B_IMPLEMENTATION_PRIORITY_QUEUE_2026-02-14.md,codex
E0010,2026-02-14T22:29:08Z,P1-03,BOOTSTRAP,NOT_STARTED,0,Queue initialized,Initial row created from prioritized queue,ScratchRobin/docs/conformance/BETA1B_IMPLEMENTATION_PROGRESS_TRACKER.csv,N/A,N/A,local_work/docs/specifications_beta1b/work/BETA1B_IMPLEMENTATION_PRIORITY_QUEUE_2026-02-14.md,codex
E0011,2026-02-14T22:29:08Z,P1-04,BOOTSTRAP,NOT_STARTED,0,Queue initialized,Initial row created from prioritized queue,ScratchRobin/docs/conformance/BETA1B_IMPLEMENTATION_PROGRESS_TRACKER.csv,N/A,N/A,local_work/docs/specifications_beta1b/work/BETA1B_IMPLEMENTATION_PRIORITY_QUEUE_2026-02-14.md,codex
E0012,2026-02-14T22:29:08Z,P1-05,BOOTSTRAP,NOT_STARTED,0,Queue initialized,Initial row created from prioritized queue,ScratchRobin/docs/conformance/BETA1B_IMPLEMENTATION_PROGRESS_TRACKER.csv,N/A,N/A,local_work/docs/specifications_beta1b/work/BETA1B_IMPLEMENTATION_PRIORITY_QUEUE_2026-02-14.md,codex
E0013,2026-02-14T22:29:08Z,P1-06,BOOTSTRAP,NOT_STARTED,0,Queue initialized,Initial row created from prioritized queue,ScratchRobin/docs/conformance/BETA1B_IMPLEMENTATION_PROGRESS_TRACKER.csv,N/A,N/A,local_work/docs/specifications_beta1b/work/BETA1B_IMPLEMENTATION_PRIORITY_QUEUE_2026-02-14.md,codex
E0014,2026-02-14T22:29:08Z,P1-07,BOOTSTRAP,NOT_STARTED,0,Queue initialized,Initial row created from prioritized queue,ScratchRobin/docs/conformance/BETA1B_IMPLEMENTATION_PROGRESS_TRACKER.csv,N/A,N/A,local_work/docs/specifications_beta1b/work/BETA1B_IMPLEMENTATION_PRIORITY_QUEUE_2026-02-14.md,codex
E0015,2026-02-14T22:29:08Z,P2-01,BOOTSTRAP,NOT_STARTED,0,Queue initialized,Initial row created from prioritized queue,ScratchRobin/docs/conformance/BETA1B_IMPLEMENTATION_PROGRESS_TRACKER.csv,N/A,N/A,local_work/docs/specifications_beta1b/work/BETA1B_IMPLEMENTATION_PRIORITY_QUEUE_2026-02-14.md,codex
E0016,2026-02-14T22:29:08Z,P2-02,BOOTSTRAP,NOT_STARTED,0,Queue initialized,Initial row created from prioritized queue,ScratchRobin/docs/conformance/BETA1B_IMPLEMENTATION_PROGRESS_TRACKER.csv,N/A,N/A,local_work/docs/specifications_beta1b/work/BETA1B_IMPLEMENTATION_PRIORITY_QUEUE_2026-02-14.md,codex
E0017,2026-02-14T22:35:37Z,P0-01,START,IN_PROGRESS,5,P0 implementation started,Started P0 implementation batch for missing specification closure,src|tests|CMakeLists.txt,N/A,N/A,local_work/docs/specifications_beta1b/work/BETA1B_IMPLEMENTATION_PRIORITY_QUEUE_2026-02-14.md,dcalford
E0018,2026-02-14T22:35:37Z,P0-02,START,IN_PROGRESS,5,P0 implementation started,Started P0 implementation batch for missing specification closure,src|tests|CMakeLists.txt,N/A,N/A,local_work/docs/specifications_beta1b/work/BETA1B_IMPLEMENTATION_PRIORITY_QUEUE_2026-02-14.md,dcalford
E0019,2026-02-14T22:35:37Z,P0-03,START,IN_PROGRESS,5,P0 implementation started,Started P0 implementation batch for missing specification closure,src|tests|CMakeLists.txt,N/A,N/A,local_work/docs/specifications_beta1b/work/BETA1B_IMPLEMENTATION_PRIORITY_QUEUE_2026-02-14.md,dcalford
E0020,2026-02-14T22:35:37Z,P0-04,START,IN_PROGRESS,5,P0 implementation started,Started P0 implementation batch for missing specification closure,src|tests|CMakeLists.txt,N/A,N/A,local_work/docs/specifications_beta1b/work/BETA1B_IMPLEMENTATION_PRIORITY_QUEUE_2026-02-14.md,dcalford
E0021,2026-02-14T22:35:37Z,P0-05,START,IN_PROGRESS,5,P0 implementation started,Started P0 implementation batch for missing specification closure,src|tests|CMakeLists.txt,N/A,N/A,local_work/docs/specifications_beta1b/work/BETA1B_IMPLEMENTATION_PRIORITY_QUEUE_2026-02-14.md,dcalford
E0022,2026-02-14T22:35:37Z,P0-06,START,IN_PROGRESS,5,P0 implementation started,Started P0 implementation batch for missing specification closure,src|tests|CMakeLists.txt,N/A,N/A,local_work/docs/specifications_beta1b/work/BETA1B_IMPLEMENTATION_PRIORITY_QUEUE_2026-02-14.md,dcalford
E0023,2026-02-14T22:35:37Z,P0-07,START,IN_PROGRESS,5,P0 implementation started,Started P0 implementation batch for missing specification closure,src|tests|CMakeLists.txt,N/A,N/A,local_work/docs/specifications_beta1b/work/BETA1B_IMPLEMENTATION_PRIORITY_QUEUE_2026-02-14.md,dcalford
E0024,2026-02-14T22:38:50Z,P0-01,COMPLETE,DONE,100,Build/profile matrix and perf target implemented,Added normative SCRATCHROBIN_* option matrix and scratchrobin_perf_diagram target; conformance and ctest pass,CMakeLists.txt|tests/perf/diagram_perf.cpp|tests/conformance/beta1b_conformance_vector.cpp|local_work/docs/specifications_beta1b/10_Execution_Tracks_and_Conformance/CONFORMANCE_VECTOR.csv,ctest --test-dir build --output-on-failure,PASS,build + ctest (14/14 pass),dcalford
E0025,2026-02-14T22:38:50Z,P0-02,COMPLETE,DONE,100,ALPHA-DIA-002 conformance binding completed,"Added ALPHA-DIA-002 to authoritative conformance vector, checklist, and runtime conformance check map",local_work/docs/specifications_beta1b/10_Execution_Tracks_and_Conformance/CONFORMANCE_VECTOR.csv|docs/conformance/CONFORMANCE_IMPLEMENTATION_CHECKLIST.csv|tests/conformance/beta1b_conformance_vector.cpp,scratchrobin_tests_conformance,PASS,tests/conformance/beta1b_conformance_vector.cpp,dcalford
E0026,2026-02-14T22:51:24Z,P0-03,PROGRESS,DONE,100,Strict schema enforcement completed,"Project/specset/packaging validators hardened with strict object-field, enum, path, hash and schema-id contracts",src/core/beta1b_contracts.cpp|src/project/project_services.cpp|src/packaging/packaging_services.cpp|tests/integration/packaging_workflow_integration.cpp|tests/integration/project_specset_integration.cpp,ctest --test-dir build --output-on-failure,PASS,tests/integration/packaging_workflow_integration.cpp,dcalford
E0027,2026-02-14T22:51:24Z,P0-04,PROGRESS,DONE,100,Enterprise transport concrete integrations completed,Concrete secret/credential/identity stores validated with backend route determinism and failure-path coverage,src/connection/connection_services.cpp|src/connection/connection_services.h|src/core/beta1b_contracts.cpp|tests/integration/connection_adapter_integration.cpp,ctest --test-dir build --output-on-failure,PASS,tests/integration/connection_adapter_integration.cpp,dcalford
E0028,2026-02-14T22:51:24Z,P0-06,PROGRESS,DONE,100,RRULE deterministic contracts completed,"Canonicalization/expansion now covers normalized BY* semantics, deterministic scheduling, and bounded candidate generation",src/core/beta1b_contracts.cpp|src/reporting/reporting_services.cpp|tests/integration/reporting_workflow_integration.cpp,ctest --test-dir build --output-on-failure,PASS,tests/integration/reporting_workflow_integration.cpp,dcalford
E0029,2026-02-14T22:51:24Z,P0-05,PROGRESS,DONE,100,Security policy manager workflows completed,Policy CRUD now verified with permission-deny and deterministic listing coverage,src/ui/ui_workflow_services.cpp|src/ui/ui_workflow_services.h|tests/integration/ui_workflow_integration.cpp,ctest --test-dir build --output-on-failure,PASS,tests/integration/ui_workflow_integration.cpp,dcalford
E0030,2026-02-14T22:51:24Z,P0-07,PROGRESS,DONE,100,Spec index and binding release-gate contracts completed,Specset manifest/index/inventory/binding checks hardened to strict path/hash/format invariants,src/core/beta1b_contracts.cpp|src/project/project_services.cpp|tests/integration/project_specset_integration.cpp,ctest --test-dir build --output-on-failure,PASS,tests/integration/project_specset_integration.cpp,dcalford
E0031,2026-02-14T22:57:16Z,P1-01,PROGRESS,DONE,100,Reporting runtime persistence completed,Question/dashboard/storage/repository flows now include persistence-backed runtime state and reload paths,src/reporting/reporting_services.h|src/reporting/reporting_services.cpp|tests/integration/reporting_workflow_integration.cpp,ctest --test-dir build --output-on-failure,PASS,tests/integration/reporting_workflow_integration.cpp,dcalford
E0032,2026-02-14T22:57:16Z,P1-02,PROGRESS,DONE,100,Activity telemetry windows and retention completed,Activity append/feed/query/summary/export/retention behaviors implemented with deterministic outputs,src/reporting/reporting_services.h|src/reporting/reporting_services.cpp|tests/integration/reporting_workflow_integration.cpp,ctest --test-dir build --output-on-failure,PASS,tests/integration/reporting_workflow_integration.cpp,dcalford
E0033,2026-02-14T22:57:16Z,P1-03,PROGRESS,DONE,100,Spec workspace coverage dashboards/work packages completed,Dashboard aggregation and work-package export are now concrete runtime workflows in UI/specset services,src/ui/ui_workflow_services.h|src/ui/ui_workflow_services.cpp|tests/integration/ui_workflow_integration.cpp,ctest --test-dir build --output-on-failure,PASS,tests/integration/ui_workflow_integration.cpp,dcalford
E0034,2026-02-14T22:57:16Z,P1-06,PROGRESS,DONE,100,Plan visualizer and strict builder round-trip completed,Deterministic plan layout and parser-normalized visual-builder round-trip validation are now implemented,src/ui/ui_workflow_services.h|src/ui/ui_workflow_services.cpp|tests/integration/ui_workflow_integration.cpp,ctest --test-dir build --output-on-failure,PASS,tests/integration/ui_workflow_integration.cpp,dcalford
E0035,2026-02-14T22:57:16Z,P1-05,PROGRESS,DONE,100,Schema/data compare and migration apply completed,Snapshot-based schema diff and deterministic migration apply execution implemented,src/ui/ui_workflow_services.h|src/ui/ui_workflow_services.cpp|tests/integration/ui_workflow_integration.cpp,ctest --test-dir build --output-on-failure,PASS,tests/integration/ui_workflow_integration.cpp,dcalford
E0036,2026-02-14T22:57:16Z,P1-07,PROGRESS,DONE,100,Advanced CDC/masking/collaboration runtime completed,"Batch CDC, masking profiles, review action workflows, and runtime enforcement paths are concrete",src/advanced/advanced_services.h|src/advanced/advanced_services.cpp|tests/integration/advanced_workflow_integration.cpp,ctest --test-dir build --output-on-failure,PASS,tests/integration/advanced_workflow_integration.cpp,dcalford
E0037,2026-02-14T22:57:16Z,P2-02,PROGRESS,DONE,100,Preview/optional surface concrete runtime completed,Cluster/replication/etl/docker/test-runner surfaces now have concrete runtime operations with profile gates,src/advanced/advanced_services.h|src/advanced/advanced_services.cpp|tests/integration/advanced_workflow_integration.cpp,ctest --test-dir build --output-on-failure,PASS,tests/integration/advanced_workflow_integration.cpp,dcalford
E0038,2026-02-14T22:57:16Z,P2-01,PROGRESS,DONE,100,Extension sandbox + lineage depth runtime completed,"Registered extension packages, sandbox allowlist execution checks, and lineage depth graph generation implemented",src/advanced/advanced_services.h|src/advanced/advanced_services.cpp|tests/integration/advanced_workflow_integration.cpp,ctest --test-dir build --output-on-failure,PASS,tests/integration/advanced_workflow_integration.cpp,dcalford
E0039,2026-02-14T22:57:42Z,P1-03,PROGRESS,DONE,100,Spec workspace coverage dashboards/work packages completed,Dashboard aggregation and work-package export are now concrete runtime workflows in UI/specset services,src/ui/ui_workflow_services.h|src/ui/ui_workflow_services.cpp|tests/integration/ui_workflow_integration.cpp,ctest --test-dir build --output-on-failure,PASS,tests/integration/ui_workflow_integration.cpp,dcalford
E0040,2026-02-15T00:04:10Z,P0-02,PROGRESS,DONE,100,Diagram canvas interactive surface implemented,Replaced diagram link-only placeholder with rendered canvas and command-backed drag/resize/connect/delete controls in main and detached frames,src/gui/diagram_canvas.h|src/gui/diagram_canvas.cpp|src/gui/main_frame.h|src/gui/main_frame.cpp|CMakeLists.txt,ctest --test-dir build --output-on-failure && ctest --test-dir build_qa_no_db --output-on-failure,PASS,build profiles + ctest (14/14 pass each),dcalford
E0041,2026-02-15T00:54:22Z,P0-02,REMEDIATION_CLOSURE,DONE,100,Diagramming remediation closed against normative clauses,Closed diagram canvas/notation/reverse-export gaps and captured clause-level evidence in remediation closure report.,src/gui/diagram_canvas.cpp|src/gui/main_frame.cpp|src/core/beta1b_contracts.cpp|src/core/beta1b_contracts.h|src/diagram/diagram_services.cpp|docs/conformance/BETA1B_REMEDIATION_CLAUSE_CLOSURE_2026-02-15.md,ctest --test-dir build --output-on-failure,PASS,docs/conformance/BETA1B_REMEDIATION_CLAUSE_CLOSURE_2026-02-15.md,codex
E0042,2026-02-15T00:54:28Z,P1-01,REMEDIATION_CLOSURE,DONE,100,Reporting frame/runtime remediation closed,Implemented dedicated ReportingFrame plus runtime contracts for question/dashboard/storage/cache/repository and tied to clause-level evidence.,src/gui/main_frame.cpp|src/reporting/reporting_services.cpp|src/reporting/reporting_services.h|src/core/beta1b_contracts.cpp|src/core/beta1b_contracts.h|tests/conformance/beta1b_conformance_vector.cpp|docs/conformance/BETA1B_REMEDIATION_CLAUSE_CLOSURE_2026-02-15.md,ctest --test-dir build --output-on-failure,PASS,docs/conformance/BETA1B_REMEDIATION_CLAUSE_CLOSURE_2026-02-15.md,codex
E0043,2026-02-15T00:54:33Z,P1-07,REMEDIATION_CLOSURE,DONE,100,Admin/integration surface remediation closed,"Added and wired dedicated DataMaskingFrame, CdcConfigFrame, and GitIntegrationFrame with functional handlers and menu/tree activation routes.",src/gui/main_frame.cpp|src/core/beta1b_contracts.cpp|docs/conformance/BETA1B_REMEDIATION_CLAUSE_CLOSURE_2026-02-15.md,ctest --test-dir build --output-on-failure,PASS,docs/conformance/BETA1B_REMEDIATION_CLAUSE_CLOSURE_2026-02-15.md,codex
E0044,2026-02-15T00:54:39Z,P0-07,REMEDIATION_CLOSURE,DONE,100,Conformance-depth hardening remediation closed,"Expanded D1-CAN-001 and RPT-001..RPT-004 assertions to enforce contract fields, reject paths, and deterministic ordering; recorded clause closure evidence.",tests/conformance/beta1b_conformance_vector.cpp|docs/conformance/BETA1B_REMEDIATION_CLAUSE_CLOSURE_2026-02-15.md|docs/conformance/BETA1B_IMPLEMENTATION_VS_SPEC_AUDIT_2026-02-15.md|docs/conformance/BETA1B_STRICT_SPEC_TO_CODE_AUDIT_2026-02-15.md,ctest --test-dir build --output-on-failure,PASS,docs/conformance/BETA1B_REMEDIATION_CLAUSE_CLOSURE_2026-02-15.md,codex
E0045,2026-02-15T01:05:16Z,P0-02,PROGRESS,DONE,100,Diagram type UX distinction + MindMap visibility fix,"Added explicit MindMap link/tree routing, type-specific sample models, and strong rendering differentiation for Erd/Silverston/Whiteboard/MindMap.",src/gui/main_frame.cpp|src/gui/diagram_canvas.cpp,cmake --build build_qa_no_db --target scratchrobin && ctest --test-dir build_qa_no_db -R scratchrobin_tests_ui_integration|scratchrobin_tests_diagram_integration|scratchrobin_tests_conformance,PASS,src/gui/main_frame.cpp,codex
E0046,2026-02-15T01:14:02Z,P0-02,PROGRESS,DONE,100,Dedicated Silverston editor panel implemented,Added Silverston node profile and diagram policy editor controls with contract-backed apply actions in both diagram surfaces.,src/gui/main_frame.cpp|src/gui/diagram_canvas.cpp|src/core/beta1b_contracts.h|src/core/beta1b_contracts.cpp,cmake --build /home/dcalford/CliWork/ScratchRobin/build_qa_no_db -j4 && ctest --test-dir /home/dcalford/CliWork/ScratchRobin/build_qa_no_db -R diagram|ui --output-on-failure,PASS,src/gui/main_frame.cpp,codex
E0047,2026-02-15T01:19:40Z,P0-02,PROGRESS,DONE,100,Silverston editor picker/preset/validation enhancement,Added icon catalog picker and inline policy hints plus one-click display-profile presets for both embedded and detached diagram editors.,src/gui/main_frame.cpp|src/gui/diagram_canvas.cpp|docs/conformance/BETA1B_IMPLEMENTATION_PROGRESS_TRACKER.csv,cmake --build /home/dcalford/CliWork/ScratchRobin/build_qa_no_db -j4 && ctest --test-dir /home/dcalford/CliWork/ScratchRobin/build_qa_no_db -R diagram|ui --output-on-failure,PASS,src/gui/main_frame.cpp,codex
E0048,2026-02-15T01:22:09Z,P0-02,PROGRESS,DONE,100,Silverston editor selection auto-load wiring,Added canvas selection sink and bidirectional Silverston editor hydration so selected node properties populate controls in both diagram surfaces.,src/gui/diagram_canvas.h|src/gui/diagram_canvas.cpp|src/gui/main_frame.cpp|docs/conformance/BETA1B_IMPLEMENTATION_PROGRESS_TRACKER.csv,cmake --build /home/dcalford/CliWork/ScratchRobin/build_qa_no_db -j4 && ctest --test-dir /home/dcalford/CliWork/ScratchRobin/build_qa_no_db -R diagram|ui --output-on-failure,PASS,src/gui/diagram_canvas.cpp,codex
E0049,2026-02-15T02:03:39Z,P0-02,PROGRESS,DONE,100,Diagram creation UX and detachable icon palette implementation,Reworked diagram surface to create named typed diagrams and added resizable detachable icon palette with drag-drop node creation into canvas.,src/gui/main_frame.h|src/gui/main_frame.cpp|src/gui/diagram_canvas.h|src/gui/diagram_canvas.cpp|docs/conformance/BETA1B_IMPLEMENTATION_PROGRESS_TRACKER.csv,cmake --build /home/dcalford/CliWork/ScratchRobin/build_qa_no_db -j4 && ctest --test-dir /home/dcalford/CliWork/ScratchRobin/build_qa_no_db -R diagram|ui --output-on-failure,PASS,src/gui/main_frame.cpp,codex
E0050,2026-02-15T02:14:44Z,P0-02,PROGRESS,DONE,100,Detached/embedded exclusivity closure for diagram and workspace surfaces,Closed unfinished detached diagram wiring and enforced one-surface visibility so SQL/Object/Diagram/Spec/Monitoring cannot be embedded and floating at the same time while preserving dock-back actions.,src/gui/main_frame.h|src/gui/main_frame.cpp|docs/conformance/BETA1B_IMPLEMENTATION_PROGRESS_TRACKER.csv,cmake --build /home/dcalford/CliWork/ScratchRobin/build_qa_no_db -j4 && ctest --test-dir /home/dcalford/CliWork/ScratchRobin/build_qa_no_db -R diagram|ui --output-on-failure,PASS,src/gui/main_frame.cpp,codex
E0051,2026-02-15T02:16:42Z,P0-02,PROGRESS,DONE,100,Detached frame drop-to-dock behavior wired for embedded workspace surfaces,Added drag-over docking hook so detached SQL/Object/Diagram/Spec/Monitoring frames auto-dock when moved over the main workspace while retaining explicit Dock In Main actions.,src/gui/main_frame.h|src/gui/main_frame.cpp|docs/conformance/BETA1B_IMPLEMENTATION_PROGRESS_TRACKER.csv,cmake --build /home/dcalford/CliWork/ScratchRobin/build_qa_no_db -j4 && ctest --test-dir /home/dcalford/CliWork/ScratchRobin/build_qa_no_db -R diagram|ui --output-on-failure,PASS,src/gui/main_frame.cpp,codex
E0052,2026-02-15T02:17:25Z,P0-02,PROGRESS,DONE,100,Drop-dock coordinate correction and verification,Corrected drop-dock overlap calculation to use detached frame screen coordinates and reran build plus UI/diagram tests.,src/gui/main_frame.cpp|docs/conformance/BETA1B_IMPLEMENTATION_PROGRESS_TRACKER.csv,cmake --build /home/dcalford/CliWork/ScratchRobin/build_qa_no_db -j4 && ctest --test-dir /home/dcalford/CliWork/ScratchRobin/build_qa_no_db -R diagram|ui --output-on-failure,PASS,src/gui/main_frame.cpp,codex
