execution_rank,phase_id,phase_name,phase_module_stub,case_id,area,feature,priority,gate_type,target_profile,baseline,reject_code_on_fail,implementation_status,implementation_notes,evidence_ref
1,00,Governance and Scaffolding,src/phases/phase00_governance.cpp,A0-LNT-001,governance,reject code registry and reference integrity,Critical,Reject,ci_strict,Implemented,SRB1-R-5407,IMPLEMENTED,validated by case-id conformance runtime,tests/conformance/beta1b_conformance_vector.cpp
2,00,Governance and Scaffolding,src/phases/phase00_governance.cpp,P1-GOV-001,governance,denied action has no side-effect,Critical,Behavior,full,Implemented,SRB1-R-3202,IMPLEMENTED,validated by case-id conformance runtime,tests/conformance/beta1b_conformance_vector.cpp
3,03,Project and Data Model,src/phases/phase03_project_data.cpp,P1-SER-001,project,project binary round-trip,Critical,Persistence,full,Implemented,SRB1-R-3101,IMPLEMENTED,validated by case-id conformance runtime,tests/conformance/beta1b_conformance_vector.cpp
4,03,Project and Data Model,src/phases/phase03_project_data.cpp,P1-SER-002,project,mandatory chunk presence,Critical,Reject,full,Implemented,SRB1-R-3101,IMPLEMENTED,validated by case-id conformance runtime,tests/conformance/beta1b_conformance_vector.cpp
5,04,Backend Adapter and Connection,src/phases/phase04_backend.cpp,R1-CON-001,connection,backend selection by mode,Critical,Behavior,full,Implemented,SRB1-R-4001,IMPLEMENTED,validated by case-id conformance runtime,tests/conformance/beta1b_conformance_vector.cpp
6,04,Backend Adapter and Connection,src/phases/phase04_backend.cpp,R1-CON-003,connection,capability gating reject,Critical,Reject,full,Implemented,SRB1-R-4101,IMPLEMENTED,validated by case-id conformance runtime,tests/conformance/beta1b_conformance_vector.cpp
7,05,UI Surface and Workflows,src/phases/phase05_ui.cpp,U1-MAI-001,ui,main frame tree/inspector refresh,Critical,Behavior,full,Implemented,SRB1-R-5101,IMPLEMENTED,validated by case-id conformance runtime,tests/conformance/beta1b_conformance_vector.cpp
8,05,UI Surface and Workflows,src/phases/phase05_ui.cpp,U1-MNU-001,ui,required top-level menu topology and handlers,Critical,Behavior,full,Implemented,SRB1-R-5101,IMPLEMENTED,validated by case-id conformance runtime,tests/conformance/beta1b_conformance_vector.cpp
9,05,UI Surface and Workflows,src/phases/phase05_ui.cpp,U1-OBJ-001,ui,object manager CRUD workflow,Critical,Integration,full,Implemented,SRB1-R-5101,IMPLEMENTED,validated by case-id conformance runtime,tests/conformance/beta1b_conformance_vector.cpp
10,05,UI Surface and Workflows,src/phases/phase05_ui.cpp,U1-SQL-001,ui,sql editor async run and export,Critical,Behavior,full,Implemented,SRB1-R-4205,IMPLEMENTED,validated by case-id conformance runtime,tests/conformance/beta1b_conformance_vector.cpp
11,06,Diagramming and Visual Modeling,src/phases/phase06_diagramming.cpp,D1-MOD-001,diagram,diagram model persistence,Critical,Persistence,full,Implemented,SRB1-R-6101,IMPLEMENTED,validated by case-id conformance runtime,tests/conformance/beta1b_conformance_vector.cpp
12,06,Diagramming and Visual Modeling,src/phases/phase06_diagramming.cpp,D1-NOT-001,diagram,notation renderer factory coverage,Critical,Behavior,full,Implemented,SRB1-R-6101,IMPLEMENTED,validated by case-id conformance runtime,tests/conformance/beta1b_conformance_vector.cpp
13,07,Reporting and Governance Integration,src/phases/phase07_reporting.cpp,RPT-001,reporting,question execution runtime,Critical,Behavior,full,Implemented,SRB1-R-7101,IMPLEMENTED,validated by case-id conformance runtime,tests/conformance/beta1b_conformance_vector.cpp
14,07,Reporting and Governance Integration,src/phases/phase07_reporting.cpp,RPT-006,reporting,rrule timezone and dst deterministic next-run,Critical,Behavior,full,Implemented,SRB1-R-7102,IMPLEMENTED,validated by case-id conformance runtime,tests/conformance/beta1b_conformance_vector.cpp
15,09,Build/Test/Packaging,src/phases/phase09_packaging.cpp,B1-CMP-001,build,full profile compile,Critical,Compile,full,Implemented,SRB1-R-9001,IMPLEMENTED,validated by case-id conformance runtime,tests/conformance/beta1b_conformance_vector.cpp
16,09,Build/Test/Packaging,src/phases/phase09_packaging.cpp,B1-CMP-002,build,no_scratchbird compile,Critical,Compile,no_scratchbird,Implemented,SRB1-R-9001,IMPLEMENTED,validated by case-id conformance runtime,tests/conformance/beta1b_conformance_vector.cpp
17,09,Build/Test/Packaging,src/phases/phase09_packaging.cpp,B1-CMP-003,build,test targets compile,Critical,Compile,ci_strict,Implemented,SRB1-R-9001,IMPLEMENTED,validated by case-id conformance runtime,tests/conformance/beta1b_conformance_vector.cpp
18,09,Build/Test/Packaging,src/phases/phase09_packaging.cpp,PKG-003,packaging,profile manifest schema validation,Critical,Reject,full,Implemented,SRB1-R-9002,IMPLEMENTED,validated by case-id conformance runtime,tests/conformance/beta1b_conformance_vector.cpp
19,09,Build/Test/Packaging,src/phases/phase09_packaging.cpp,PKG-005,packaging,surface id strict registry validation,Critical,Reject,full,Implemented,SRB1-R-9002,IMPLEMENTED,validated by case-id conformance runtime,tests/conformance/beta1b_conformance_vector.cpp
20,10,Conformance/Alpha/Release Gates,src/phases/phase10_conformance_release.cpp,ALPHA-DIA-001,alpha_preservation,silverston erd mandatory continuity set retained,Critical,Behavior,full,Implemented,SRB1-R-5503,IMPLEMENTED,validated by case-id conformance runtime,tests/conformance/beta1b_conformance_vector.cpp
21,10,Conformance/Alpha/Release Gates,src/phases/phase10_conformance_release.cpp,ALPHA-MIR-001,alpha_preservation,required alpha mirror files present,Critical,Behavior,full,Implemented,SRB1-R-5501,IMPLEMENTED,validated by case-id conformance runtime,tests/conformance/beta1b_conformance_vector.cpp
22,10,Conformance/Alpha/Release Gates,src/phases/phase10_conformance_release.cpp,ALPHA-MIR-002,alpha_preservation,required alpha mirror hashes stable,Critical,Behavior,ci_strict,Implemented,SRB1-R-5502,IMPLEMENTED,validated by case-id conformance runtime,tests/conformance/beta1b_conformance_vector.cpp
23,10,Conformance/Alpha/Release Gates,src/phases/phase10_conformance_release.cpp,SPC-IDX-001,spec_support,index sb_v3 sb_vnext sb_beta1 spec sets,Critical,Behavior,full,Implemented,SRB1-R-5401,IMPLEMENTED,validated by case-id conformance runtime,tests/conformance/beta1b_conformance_vector.cpp
24,10,Conformance/Alpha/Release Gates,src/phases/phase10_conformance_release.cpp,SPC-NRM-001,spec_support,resolve authoritative inventories and normative file flags,Critical,Behavior,full,Implemented,SRB1-R-5402,IMPLEMENTED,validated by case-id conformance runtime,tests/conformance/beta1b_conformance_vector.cpp
25,00,Governance and Scaffolding,src/phases/phase00_governance.cpp,A0-BLK-001,governance,blocker register schema and lifecycle validity,High,Reject,ci_strict,Implemented,SRB1-R-5407,IMPLEMENTED,validated by case-id conformance runtime,tests/conformance/beta1b_conformance_vector.cpp
26,00,Governance and Scaffolding,src/phases/phase00_governance.cpp,P1-GOV-002,governance,audit write required path,High,Behavior,full,Implemented,SRB1-R-3201,IMPLEMENTED,validated by case-id conformance runtime,tests/conformance/beta1b_conformance_vector.cpp
27,03,Project and Data Model,src/phases/phase03_project_data.cpp,P1-BIN-003,project,project binary header and toc structural validation,High,Reject,full,Implemented,SRB1-R-3101,IMPLEMENTED,validated by case-id conformance runtime,tests/conformance/beta1b_conformance_vector.cpp
28,03,Project and Data Model,src/phases/phase03_project_data.cpp,P1-BIN-004,project,project binary declared file size strict match,High,Reject,full,Implemented,SRB1-R-3101,IMPLEMENTED,validated by case-id conformance runtime,tests/conformance/beta1b_conformance_vector.cpp
29,03,Project and Data Model,src/phases/phase03_project_data.cpp,P1-SCH-001,project,project domain schema validation,High,Reject,full,Implemented,SRB1-R-3002,IMPLEMENTED,validated by case-id conformance runtime,tests/conformance/beta1b_conformance_vector.cpp
30,04,Backend Adapter and Connection,src/phases/phase04_backend.cpp,R1-CON-002,connection,credential resolution,High,Behavior,full,Implemented,SRB1-R-4002,IMPLEMENTED,validated by case-id conformance runtime,tests/conformance/beta1b_conformance_vector.cpp
31,04,Backend Adapter and Connection,src/phases/phase04_backend.cpp,R1-CON-004,connection,cancel active query,High,Behavior,full,Implemented,SRB1-R-4206,IMPLEMENTED,validated by case-id conformance runtime,tests/conformance/beta1b_conformance_vector.cpp
32,04,Backend Adapter and Connection,src/phases/phase04_backend.cpp,R1-CPY-001,copy,copy input/output file+clipboard,High,Behavior,full,Implemented,SRB1-R-4203,IMPLEMENTED,validated by case-id conformance runtime,tests/conformance/beta1b_conformance_vector.cpp
33,04,Backend Adapter and Connection,src/phases/phase04_backend.cpp,R1-ENT-001,connection,enterprise transport ssh and jump-host contracts,High,Integration,full,Implemented,SRB1-R-4004,IMPLEMENTED,validated by case-id conformance runtime,tests/conformance/beta1b_conformance_vector.cpp
34,04,Backend Adapter and Connection,src/phases/phase04_backend.cpp,R1-ENT-002,connection,external identity provider handshake contracts,High,Integration,full,Implemented,SRB1-R-4005,IMPLEMENTED,validated by case-id conformance runtime,tests/conformance/beta1b_conformance_vector.cpp
35,04,Backend Adapter and Connection,src/phases/phase04_backend.cpp,R1-ENT-003,connection,central secret provider resolution contracts,High,Behavior,full,Implemented,SRB1-R-4006,IMPLEMENTED,validated by case-id conformance runtime,tests/conformance/beta1b_conformance_vector.cpp
36,04,Backend Adapter and Connection,src/phases/phase04_backend.cpp,R1-PRE-001,prepared,prepare execute close flow,High,Behavior,full,Implemented,SRB1-R-4201,IMPLEMENTED,validated by case-id conformance runtime,tests/conformance/beta1b_conformance_vector.cpp
37,05,UI Surface and Workflows,src/phases/phase05_ui.cpp,U1-BKP-001,ui,backup and restore dialog workflows,High,Integration,full,Implemented,SRB1-R-4101,IMPLEMENTED,validated by case-id conformance runtime,tests/conformance/beta1b_conformance_vector.cpp
38,05,UI Surface and Workflows,src/phases/phase05_ui.cpp,U1-INS-001,ui,inspector tabs deterministic refresh,High,Behavior,full,Implemented,SRB1-R-5101,IMPLEMENTED,validated by case-id conformance runtime,tests/conformance/beta1b_conformance_vector.cpp
39,05,UI Surface and Workflows,src/phases/phase05_ui.cpp,U1-JOB-001,ui,job scheduler frame workflows,High,Integration,full,Implemented,SRB1-R-5101,IMPLEMENTED,validated by case-id conformance runtime,tests/conformance/beta1b_conformance_vector.cpp
40,05,UI Surface and Workflows,src/phases/phase05_ui.cpp,U1-MNU-002,ui,tools menu contains spec workspace entrypoint,High,Behavior,full,Implemented,SRB1-R-5101,IMPLEMENTED,validated by case-id conformance runtime,tests/conformance/beta1b_conformance_vector.cpp
41,05,UI Surface and Workflows,src/phases/phase05_ui.cpp,U1-MON-001,ui,monitoring frame query and status workflows,High,Behavior,full,Implemented,SRB1-R-4205,IMPLEMENTED,validated by case-id conformance runtime,tests/conformance/beta1b_conformance_vector.cpp
42,05,UI Surface and Workflows,src/phases/phase05_ui.cpp,U1-SEC-001,ui,security policy surfaces functional,High,Integration,full,Implemented,SRB1-R-8301,IMPLEMENTED,validated by case-id conformance runtime,tests/conformance/beta1b_conformance_vector.cpp
43,05,UI Surface and Workflows,src/phases/phase05_ui.cpp,U1-STM-001,ui,storage and database manager workflows,High,Integration,full,Implemented,SRB1-R-5101,IMPLEMENTED,validated by case-id conformance runtime,tests/conformance/beta1b_conformance_vector.cpp
44,05,UI Surface and Workflows,src/phases/phase05_ui.cpp,U1-URS-001,ui,users roles membership workflows,High,Integration,full,Implemented,SRB1-R-5101,IMPLEMENTED,validated by case-id conformance runtime,tests/conformance/beta1b_conformance_vector.cpp
45,05,UI Surface and Workflows,src/phases/phase05_ui.cpp,U2-CMP-001,ui,schema compare deterministic operation set generation,High,Integration,full,Implemented,SRB1-R-5105,IMPLEMENTED,validated by case-id conformance runtime,tests/conformance/beta1b_conformance_vector.cpp
46,05,UI Surface and Workflows,src/phases/phase05_ui.cpp,U2-CMP-002,ui,data compare keyed diff workflows,High,Integration,full,Implemented,SRB1-R-5105,IMPLEMENTED,validated by case-id conformance runtime,tests/conformance/beta1b_conformance_vector.cpp
47,05,UI Surface and Workflows,src/phases/phase05_ui.cpp,U2-CMP-003,ui,migration script generation from compare output deterministic,High,Persistence,full,Implemented,SRB1-R-5106,IMPLEMENTED,validated by case-id conformance runtime,tests/conformance/beta1b_conformance_vector.cpp
48,05,UI Surface and Workflows,src/phases/phase05_ui.cpp,U2-PLN-001,ui,explain and sblr plan visualization workflows,High,Behavior,full,Implemented,SRB1-R-5107,IMPLEMENTED,validated by case-id conformance runtime,tests/conformance/beta1b_conformance_vector.cpp
49,05,UI Surface and Workflows,src/phases/phase05_ui.cpp,U2-PLN-002,ui,visual query builder strict round-trip subset,High,Behavior,full,Implemented,SRB1-R-5108,IMPLEMENTED,validated by case-id conformance runtime,tests/conformance/beta1b_conformance_vector.cpp
50,05,UI Surface and Workflows,src/phases/phase05_ui.cpp,U2-SQL-002,ui,sql autocomplete and intellisense deterministic ordering,High,Behavior,full,Implemented,SRB1-R-5102,IMPLEMENTED,validated by case-id conformance runtime,tests/conformance/beta1b_conformance_vector.cpp
51,05,UI Surface and Workflows,src/phases/phase05_ui.cpp,U2-SQL-004,ui,query history retention filter and deterministic export,High,Behavior,full,Implemented,SRB1-R-5104,IMPLEMENTED,validated by case-id conformance runtime,tests/conformance/beta1b_conformance_vector.cpp
52,06,Diagramming and Visual Modeling,src/phases/phase06_diagramming.cpp,D1-CAN-001,diagram,canvas drag resize connect,High,Behavior,full,Implemented,SRB1-R-6201,IMPLEMENTED,validated by case-id conformance runtime,tests/conformance/beta1b_conformance_vector.cpp
53,06,Diagramming and Visual Modeling,src/phases/phase06_diagramming.cpp,D1-ENG-001,diagram,forward engineering output,High,Behavior,full,Implemented,SRB1-R-6301,IMPLEMENTED,validated by case-id conformance runtime,tests/conformance/beta1b_conformance_vector.cpp
54,06,Diagramming and Visual Modeling,src/phases/phase06_diagramming.cpp,D1-EXP-001,diagram,export svg/png required,High,Behavior,full,Implemented,SRB1-R-6303,IMPLEMENTED,validated by case-id conformance runtime,tests/conformance/beta1b_conformance_vector.cpp
55,07,Reporting and Governance Integration,src/phases/phase07_reporting.cpp,RPT-002,reporting,dashboard execution runtime,High,Behavior,full,Implemented,SRB1-R-7001,IMPLEMENTED,validated by case-id conformance runtime,tests/conformance/beta1b_conformance_vector.cpp
56,07,Reporting and Governance Integration,src/phases/phase07_reporting.cpp,RPT-003,reporting,storage retrieve metadata path,High,Behavior,full,Implemented,SRB1-R-7002,IMPLEMENTED,validated by case-id conformance runtime,tests/conformance/beta1b_conformance_vector.cpp
57,07,Reporting and Governance Integration,src/phases/phase07_reporting.cpp,RPT-004,reporting,repository export/import fidelity,High,Persistence,full,Implemented,SRB1-R-7003,IMPLEMENTED,validated by case-id conformance runtime,tests/conformance/beta1b_conformance_vector.cpp
58,07,Reporting and Governance Integration,src/phases/phase07_reporting.cpp,RPT-005,reporting,rrule grammar and canonicalization,High,Reject,full,Implemented,SRB1-R-7101,IMPLEMENTED,validated by case-id conformance runtime,tests/conformance/beta1b_conformance_vector.cpp
59,07,Reporting and Governance Integration,src/phases/phase07_reporting.cpp,RPT-007,reporting,rrule expansion bounds and inclusion exclusion semantics,High,Behavior,full,Implemented,SRB1-R-7103,IMPLEMENTED,validated by case-id conformance runtime,tests/conformance/beta1b_conformance_vector.cpp
60,07,Reporting and Governance Integration,src/phases/phase07_reporting.cpp,RPT-008,reporting,rrule anchor and termination invariants,High,Reject,full,Implemented,SRB1-R-7104,IMPLEMENTED,validated by case-id conformance runtime,tests/conformance/beta1b_conformance_vector.cpp
61,07,Reporting and Governance Integration,src/phases/phase07_reporting.cpp,RPT-009,reporting,operational activity dashboard metric windows and refresh,High,Behavior,full,Implemented,SRB1-R-7202,IMPLEMENTED,validated by case-id conformance runtime,tests/conformance/beta1b_conformance_vector.cpp
62,07,Reporting and Governance Integration,src/phases/phase07_reporting.cpp,RPT-010,reporting,operational activity dashboard deterministic export and retention,High,Persistence,full,Implemented,SRB1-R-7203,IMPLEMENTED,validated by case-id conformance runtime,tests/conformance/beta1b_conformance_vector.cpp
63,08,Advanced Features and Integrations,src/phases/phase08_advanced.cpp,ADV-CDC-001,advanced,cdc config tabs functional,High,Behavior,full,Implemented,SRB1-R-7004,IMPLEMENTED,validated by case-id conformance runtime,tests/conformance/beta1b_conformance_vector.cpp
64,08,Advanced Features and Integrations,src/phases/phase08_advanced.cpp,ADV-COL-001,advanced,collaboration comments and review approvals workflow,High,Integration,full,Implemented,SRB1-R-7301,IMPLEMENTED,validated by case-id conformance runtime,tests/conformance/beta1b_conformance_vector.cpp
65,08,Advanced Features and Integrations,src/phases/phase08_advanced.cpp,ADV-COL-002,advanced,change advisory gate enforced before protected apply,High,Reject,full,Implemented,SRB1-R-7305,IMPLEMENTED,validated by case-id conformance runtime,tests/conformance/beta1b_conformance_vector.cpp
66,08,Advanced Features and Integrations,src/phases/phase08_advanced.cpp,ADV-GIT-001,advanced,git integration workflow completeness,High,Integration,full,Implemented,SRB1-R-8201,IMPLEMENTED,validated by case-id conformance runtime,tests/conformance/beta1b_conformance_vector.cpp
67,08,Advanced Features and Integrations,src/phases/phase08_advanced.cpp,ADV-MSK-001,advanced,data masking preview/execute functional,High,Behavior,full,Implemented,SRB1-R-7005,IMPLEMENTED,validated by case-id conformance runtime,tests/conformance/beta1b_conformance_vector.cpp
68,09,Build/Test/Packaging,src/phases/phase09_packaging.cpp,PKG-001,packaging,package manifest completeness,High,Behavior,full,Implemented,SRB1-R-9002,IMPLEMENTED,validated by case-id conformance runtime,tests/conformance/beta1b_conformance_vector.cpp
69,09,Build/Test/Packaging,src/phases/phase09_packaging.cpp,PKG-002,packaging,license and docs bundled,High,Behavior,full,Implemented,SRB1-R-9003,IMPLEMENTED,validated by case-id conformance runtime,tests/conformance/beta1b_conformance_vector.cpp
70,09,Build/Test/Packaging,src/phases/phase09_packaging.cpp,PKG-004,packaging,ga profile manifest gating rules,High,Reject,ga,Implemented,SRB1-R-9001,IMPLEMENTED,validated by case-id conformance runtime,tests/conformance/beta1b_conformance_vector.cpp
71,10,Conformance/Alpha/Release Gates,src/phases/phase10_conformance_release.cpp,ALPHA-EXT-001,alpha_preservation,alpha deep extraction gates pass,High,Behavior,full,Implemented,SRB1-R-5505,IMPLEMENTED,validated by case-id conformance runtime,tests/conformance/beta1b_conformance_vector.cpp
72,10,Conformance/Alpha/Release Gates,src/phases/phase10_conformance_release.cpp,ALPHA-INV-001,alpha_preservation,alpha element inventory continuity,High,Behavior,full,Implemented,SRB1-R-5504,IMPLEMENTED,validated by case-id conformance runtime,tests/conformance/beta1b_conformance_vector.cpp
73,10,Conformance/Alpha/Release Gates,src/phases/phase10_conformance_release.cpp,P1-SCH-002,spec_support,scratchbird specset schema validation,High,Reject,full,Implemented,SRB1-R-5402,IMPLEMENTED,validated by case-id conformance runtime,tests/conformance/beta1b_conformance_vector.cpp
74,10,Conformance/Alpha/Release Gates,src/phases/phase10_conformance_release.cpp,SPC-CNF-001,spec_support,conformance case bindings valid and resolvable,High,Reject,ci_strict,Implemented,SRB1-R-5404,IMPLEMENTED,validated by case-id conformance runtime,tests/conformance/beta1b_conformance_vector.cpp
75,10,Conformance/Alpha/Release Gates,src/phases/phase10_conformance_release.cpp,SPC-COV-001,spec_support,design coverage mapping completeness,High,Behavior,full,Implemented,SRB1-R-5403,IMPLEMENTED,validated by case-id conformance runtime,tests/conformance/beta1b_conformance_vector.cpp
76,10,Conformance/Alpha/Release Gates,src/phases/phase10_conformance_release.cpp,SPC-COV-002,spec_support,development coverage mapping completeness,High,Behavior,full,Implemented,SRB1-R-5403,IMPLEMENTED,validated by case-id conformance runtime,tests/conformance/beta1b_conformance_vector.cpp
77,10,Conformance/Alpha/Release Gates,src/phases/phase10_conformance_release.cpp,SPC-COV-003,spec_support,management coverage mapping completeness,High,Behavior,full,Implemented,SRB1-R-5403,IMPLEMENTED,validated by case-id conformance runtime,tests/conformance/beta1b_conformance_vector.cpp
78,10,Conformance/Alpha/Release Gates,src/phases/phase10_conformance_release.cpp,SPC-RPT-001,spec_support,support dashboard metrics and export contract,High,Behavior,full,Implemented,SRB1-R-5405,IMPLEMENTED,validated by case-id conformance runtime,tests/conformance/beta1b_conformance_vector.cpp
79,05,UI Surface and Workflows,src/phases/phase05_ui.cpp,U1-BKP-002,ui,backup history and backup schedule dialog workflows,Medium,Behavior,full,Implemented,SRB1-R-5101,IMPLEMENTED,validated by case-id conformance runtime,tests/conformance/beta1b_conformance_vector.cpp
80,05,UI Surface and Workflows,src/phases/phase05_ui.cpp,U1-ICO-001,ui,icon slot fallback behavior,Medium,Behavior,full,Implemented,SRB1-R-5101,IMPLEMENTED,validated by case-id conformance runtime,tests/conformance/beta1b_conformance_vector.cpp
81,05,UI Surface and Workflows,src/phases/phase05_ui.cpp,U1-SPW-001,ui,spec workspace gap counts in summary surfaces,Medium,Behavior,full,Implemented,SRB1-R-5405,IMPLEMENTED,validated by case-id conformance runtime,tests/conformance/beta1b_conformance_vector.cpp
82,05,UI Surface and Workflows,src/phases/phase05_ui.cpp,U2-SQL-003,ui,sql snippet library scoped workflows,Medium,Behavior,full,Implemented,SRB1-R-5103,IMPLEMENTED,validated by case-id conformance runtime,tests/conformance/beta1b_conformance_vector.cpp
83,08,Advanced Features and Integrations,src/phases/phase08_advanced.cpp,ADV-AI-001,advanced,ai request async and provider gating,Medium,Behavior,full,Implemented,SRB1-R-7006,IMPLEMENTED,validated by case-id conformance runtime,tests/conformance/beta1b_conformance_vector.cpp
84,08,Advanced Features and Integrations,src/phases/phase08_advanced.cpp,ADV-EXT-001,advanced,signed extension package validation and compatibility,Medium,Reject,preview,Implemented,SRB1-R-7303,IMPLEMENTED,validated by case-id conformance runtime,tests/conformance/beta1b_conformance_vector.cpp
85,08,Advanced Features and Integrations,src/phases/phase08_advanced.cpp,ADV-EXT-002,advanced,extension sandbox capability boundary enforcement,Medium,Behavior,preview,Implemented,SRB1-R-7304,IMPLEMENTED,validated by case-id conformance runtime,tests/conformance/beta1b_conformance_vector.cpp
86,08,Advanced Features and Integrations,src/phases/phase08_advanced.cpp,ADV-ISS-001,advanced,issue tracker link and sync,Medium,Behavior,full,Implemented,SRB1-R-7007,IMPLEMENTED,validated by case-id conformance runtime,tests/conformance/beta1b_conformance_vector.cpp
87,08,Advanced Features and Integrations,src/phases/phase08_advanced.cpp,ADV-LIN-001,advanced,lineage explorer deterministic graph generation,Medium,Behavior,preview,Implemented,SRB1-R-7306,IMPLEMENTED,validated by case-id conformance runtime,tests/conformance/beta1b_conformance_vector.cpp
88,08,Advanced Features and Integrations,src/phases/phase08_advanced.cpp,OPS-DKR-001,ops,docker manager panel runtime,Medium,Behavior,ga,Implemented,SRB1-R-7011,IMPLEMENTED,validated by case-id conformance runtime,tests/conformance/beta1b_conformance_vector.cpp
89,08,Advanced Features and Integrations,src/phases/phase08_advanced.cpp,OPS-TST-001,ops,test runner panel runtime,Medium,Behavior,ga,Implemented,SRB1-R-7012,IMPLEMENTED,validated by case-id conformance runtime,tests/conformance/beta1b_conformance_vector.cpp
90,08,Advanced Features and Integrations,src/phases/phase08_advanced.cpp,PRE-CLS-001,preview,cluster manager preview mode,Medium,Behavior,preview,Implemented,SRB1-R-7008,IMPLEMENTED,validated by case-id conformance runtime,tests/conformance/beta1b_conformance_vector.cpp
91,08,Advanced Features and Integrations,src/phases/phase08_advanced.cpp,PRE-ETL-001,preview,etl manager preview mode,Medium,Behavior,preview,Implemented,SRB1-R-7010,IMPLEMENTED,validated by case-id conformance runtime,tests/conformance/beta1b_conformance_vector.cpp
92,08,Advanced Features and Integrations,src/phases/phase08_advanced.cpp,PRE-RPL-001,preview,replication manager preview mode,Medium,Behavior,preview,Implemented,SRB1-R-7009,IMPLEMENTED,validated by case-id conformance runtime,tests/conformance/beta1b_conformance_vector.cpp
93,10,Conformance/Alpha/Release Gates,src/phases/phase10_conformance_release.cpp,SPC-WPK-001,spec_support,implementation work package generation,Medium,Behavior,full,Implemented,SRB1-R-5406,IMPLEMENTED,validated by case-id conformance runtime,tests/conformance/beta1b_conformance_vector.cpp
94,09,Build/Test/Packaging,src/phases/phase09_packaging.cpp,B1-CMP-004,build,cmake option matrix declared and deterministic,Critical,Compile,full,Implemented,SRB1-R-9001,IMPLEMENTED,validated by cmake option matrix and conformance runtime,tests/conformance/beta1b_conformance_vector.cpp
95,09,Build/Test/Packaging,src/phases/phase09_packaging.cpp,B1-CMP-005,build,performance quarantine target present,Critical,Compile,ci_strict,Implemented,SRB1-R-9001,IMPLEMENTED,validated by perf target build/runtime,tests/perf/diagram_perf.cpp
96,10,Conformance/Alpha/Release Gates,src/phases/phase10_conformance_release.cpp,ALPHA-DIA-002,alpha_preservation,silverston deep details retained without collapse,High,Behavior,full,Implemented,SRB1-R-5505,IMPLEMENTED,validated by case-id conformance runtime,tests/conformance/beta1b_conformance_vector.cpp
