Feature ID,Phase,Week,Category,Feature Name,Specification,Status,Priority,Estimated Hours,Actual Hours,Assigned To,Dependencies,Notes,Completion Date
PH1-W1-001,1,1,Menus,Query Menu Implementation,MENU_SPEC §Query,Not Started,Critical,6,,,,Execute/Explain/Format,
PH1-W1-002,1,1,Menus,Transaction Menu Implementation,MENU_SPEC §Transaction,Not Started,Critical,8,,,,Commit/Rollback/Savepoint,
PH1-W1-003,1,1,Menus,Window Menu Implementation,MENU_SPEC §Window,Not Started,Medium,4,,,,Cascade/Tile/Next/Prev,
PH1-W1-004,1,1,Menus,Tools Menu Implementation,MENU_SPEC §Tools,Not Started,High,6,,,,Import/Export/Migrate submenus,
PH1-W1-005,1,1,Menus,Help Menu Completion,MENU_SPEC §Help,Not Started,Low,4,,,,Tip of Day/Shortcuts,
PH1-W1-006,1,1,Menus,Dynamic Menu State Management,MENU_SPEC §State Mgmt,Not Started,Critical,8,,PH1-W1-001;PH1-W1-002,Connection-aware enable/disable,
PH1-W1-007,1,1,Integration,Menu Integration Testing,-,Not Started,High,4,,PH1-W1-001;PH1-W1-002;PH1-W1-003;PH1-W1-004;PH1-W1-005;PH1-W1-006,All menus functional,
PH1-W2-001,1,2,Dialogs,Find/Replace Dialog,FORM_SPEC §Find/Replace,Not Started,High,8,,,,Search in SQL editor,
PH1-W2-002,1,2,Integration,Find/Replace Editor Integration,-,Not Started,High,4,,PH1-W2-001,Editor search functional,
PH1-W2-003,1,2,Dialogs,About Dialog,FORM_SPEC §About,Not Started,Low,3,,,,Version info/attribution,
PH1-W2-004,1,2,Framework,Dialog Base Class,FORM_SPEC §Common,Not Started,Medium,6,,,,Validation/buttons/common UI,
PH1-W2-005,1,2,Dialogs,Keyboard Shortcuts Dialog,MENU_SPEC §Help,Not Started,Medium,6,,,,Shortcuts reference display,
PH1-W2-006,1,2,Dialogs,Tip of the Day System,MENU_SPEC §Help,Not Started,Low,5,,,,Daily tips database,
PH1-W2-007,1,2,Testing,Dialog Testing,-,Not Started,High,4,,PH1-W2-001;PH1-W2-003;PH1-W2-005;PH1-W2-006,Dialogs stable,
PH1-W3-001,1,3,Preferences,Preferences Dialog Refactor,FORM_SPEC §Preferences,Not Started,Critical,6,,,6-tab layout,
PH1-W3-002,1,3,Preferences,General Tab,FORM_SPEC §General,Not Started,High,4,,PH1-W3-001,Language/Theme/Confirmations,
PH1-W3-003,1,3,Preferences,Editor Tab,FORM_SPEC §Editor,Not Started,High,6,,PH1-W3-001,Font/Indentation/Completion,
PH1-W3-004,1,3,Preferences,Results Tab,FORM_SPEC §Results,Not Started,High,5,,PH1-W3-001,Grid/Date/Decimal formats,
PH1-W3-005,1,3,Preferences,Connection Tab,FORM_SPEC §Connection,Not Started,Medium,4,,PH1-W3-001,Defaults/Auto-connect,
PH1-W3-006,1,3,Preferences,Shortcuts Tab,FORM_SPEC §Shortcuts,Not Started,Medium,6,,PH1-W3-001,Keyboard shortcut editor,
PH1-W3-007,1,3,Preferences,Settings Persistence,-,Not Started,Critical,5,,PH1-W3-002;PH1-W3-003;PH1-W3-004;PH1-W3-005;PH1-W3-006,JSON persistence,
PH2-W4-001,2,4,Export,Export Dialog Framework,FORM_SPEC §Export,Not Started,Critical,6,,,Structure/layout,
PH2-W4-002,2,4,Export,Format Selection UI,FORM_SPEC §Export,Not Started,Critical,4,,PH2-W4-001,CSV/SQL/JSON/Excel/XML/HTML,
PH2-W4-003,2,4,Export,CSV Options Panel,FORM_SPEC §CSV,Not Started,High,5,,PH2-W4-001,Delimiter/quote/escape/header,
PH2-W4-004,2,4,Export,SQL Options Panel,FORM_SPEC §SQL,Not Started,High,4,,PH2-W4-001,INSERT statements/options,
PH2-W4-005,2,4,Export,JSON Options Panel,FORM_SPEC §JSON,Not Started,Medium,3,,PH2-W4-001,Array/Object/Pretty print,
PH2-W4-006,2,4,Export,File Browser Integration,FORM_SPEC §Export,Not Started,High,5,,PH2-W4-001,Scope selection,
PH2-W4-007,2,4,Export,Export Testing,-,Not Started,High,5,,PH2-W4-001;PH2-W4-002;PH2-W4-003;PH2-W4-004;PH2-W4-005;PH2-W4-006,All formats working,
PH2-W5-001,2,5,Import,Import Wizard Framework,FORM_SPEC §Import,Not Started,Critical,6,,,4-step wizard base,
PH2-W5-002,2,5,Import,Step 1: Source Selection,FORM_SPEC §Step 1,Not Started,High,5,,PH2-W5-001,File/Format/Encoding,
PH2-W5-003,2,5,Import,Step 2: Preview & Mapping UI,FORM_SPEC §Step 2,Not Started,Critical,8,,PH2-W5-001,Column mapping grid,
PH2-W5-004,2,5,Import,Auto-Detect Column Types,FORM_SPEC §Step 2,Not Started,High,6,,PH2-W5-003,Type inference,
PH2-W5-005,2,5,Import,Step 3: Options Panel,FORM_SPEC §Step 3,Not Started,High,6,,PH2-W5-001,Delimiter/Null/Target,
PH2-W5-006,2,5,Import,Step 4: Execution,FORM_SPEC §Step 4,Not Started,Critical,6,,PH2-W5-001;PH2-W5-002;PH2-W5-003;PH2-W5-005,Progress tracking,
PH2-W5-007,2,5,Import,CSV Parser Implementation,-,Not Started,Critical,8,,PH2-W5-002,Robust CSV parsing,
PH2-W6-001,2,6,Import,Import Error Handling,-,Not Started,High,5,,PH2-W5-001,Validation/Errors,
PH2-W6-002,2,6,Import,Import Integration Testing,-,Not Started,Critical,6,,PH2-W5-001;PH2-W5-002;PH2-W5-003;PH2-W5-004;PH2-W5-005;PH2-W5-006;PH2-W5-007,Wizard end-to-end,
PH2-W6-003,2,6,Import,Large File Performance Testing,-,Not Started,High,4,,PH2-W5-007,100K+ rows,
PH2-W7-001,2,7,Designer,Table Designer Framework,FORM_SPEC §Table Designer,Not Started,Critical,6,,,4-tab dialog,
PH2-W7-002,2,7,Designer,Columns Tab,FORM_SPEC §Columns,Not Started,Critical,8,,PH2-W7-001,Grid/Property panel,
PH2-W7-003,2,7,Designer,Constraints Tab,FORM_SPEC §Constraints,Not Started,High,6,,PH2-W7-001,PK/FK/Unique,
PH2-W7-004,2,7,Designer,Indexes Tab,FORM_SPEC §Indexes,Not Started,High,5,,PH2-W7-001,Index designer,
PH2-W7-005,2,7,Designer,Preview SQL Tab,FORM_SPEC §Preview,Not Started,Medium,4,,PH2-W7-001,Live SQL preview,
PH2-W7-006,2,7,Designer,DDL Generator,-,Not Started,High,6,,PH2-W7-002;PH2-W7-003;PH2-W7-004,SQL generation,
PH2-W7-007,2,7,Designer,Designer Testing,-,Not Started,High,7,,PH2-W7-001;PH2-W7-002;PH2-W7-003;PH2-W7-004;PH2-W7-005;PH2-W7-006,Designer functional,
PH3-W8-001,3,8,Editor,Code Folding,IMPLEMENTATION Week 8,Not Started,Medium,6,,,Collapse/expand,
PH3-W8-002,3,8,Editor,Auto-Indentation,IMPLEMENTATION Week 8,Not Started,Medium,5,,,Smart indent,
PH3-W8-003,3,8,Editor,Word Wrap Toggle,IMPLEMENTATION Week 8,Not Started,Low,3,,,Wrap on/off,
PH3-W8-004,3,8,Editor,Zoom Controls,IMPLEMENTATION Week 8,Not Started,Medium,3,,,Ctrl++/Ctrl+-/Ctrl+0,
PH3-W8-005,3,8,Editor,Occurrences Highlighting,IMPLEMENTATION Week 8,Not Started,Medium,5,,,Same word highlight,
PH3-W8-006,3,8,Editor,SQL Formatter,MENU_SPEC §Query,Not Started,High,6,,,Format SQL command,
PH3-W8-007,3,8,Editor,Editor Testing,-,Not Started,High,4,,PH3-W8-001;PH3-W8-002;PH3-W8-004;PH3-W8-005;PH3-W8-006,Features working,
PH3-W9-001,3,9,Completion,Completion Engine Architecture,IMPLEMENTATION Week 9,Not Started,Critical,4,,,Design doc,
PH3-W9-002,3,9,Completion,Keyword Completion,IMPLEMENTATION Week 9,Not Started,High,5,,PH3-W9-001,SQL keywords,
PH3-W9-003,3,9,Completion,Schema Object Completion,IMPLEMENTATION Week 9,Not Started,Critical,6,,PH3-W9-001,Tables/Views/Procs,
PH3-W9-004,3,9,Completion,Table/Column Completion,IMPLEMENTATION Week 9,Not Started,Critical,6,,PH3-W9-001;PH3-W9-003,Metadata-driven,
PH3-W9-005,3,9,Completion,Fuzzy Matching,IMPLEMENTATION Week 9,Not Started,Medium,5,,PH3-W9-002;PH3-W9-003;PH3-W9-004,Fuzzy search,
PH3-W9-006,3,9,Completion,Completion Popup UI,-,Not Started,High,6,,PH3-W9-001,Icons/Navigation,
PH3-W9-007,3,9,Completion,Performance Optimization,-,Not Started,High,4,,PH3-W9-001;PH3-W9-002;PH3-W9-003;PH3-W9-004;PH3-W9-005;PH3-W9-006,<500ms target,
PH3-W10-001,3,10,History,History Storage Schema,IMPLEMENTATION Week 13,Not Started,High,3,,,Database schema,
PH3-W10-002,3,10,History,History Logger,IMPLEMENTATION Week 13,Not Started,High,5,,PH3-W10-001,Query logging,
PH3-W10-003,3,10,History,History Dialog with Search,IMPLEMENTATION Week 13,Not Started,High,6,,PH3-W10-001;PH3-W10-002,Search/Filter UI,
PH3-W10-004,3,10,History,History Editor Integration,-,Not Started,High,4,,PH3-W10-003,Insert/Recall,
PH3-W10-005,3,10,Execution,Execute Selection,MENU_SPEC §Query,Not Started,High,3,,,Selected text only,
PH3-W10-006,3,10,Execution,Script Executor,MENU_SPEC §Query,Not Started,High,6,,,Multi-statement,
PH3-W10-007,3,10,History,History Testing,-,Not Started,High,5,,PH3-W10-001;PH3-W10-002;PH3-W10-003;PH3-W10-004;PH3-W10-005;PH3-W10-006,End-to-end,
PH4-W11-001,4,11,Transaction,Transaction State Tracking,CONFORMANCE SB-TXN,Not Started,Critical,5,,,State machine,
PH4-W11-002,4,11,Transaction,Transaction Menu Integration,MENU_SPEC §Transaction,Not Started,Critical,4,,PH4-W11-001,Menu binding,
PH4-W11-003,4,11,Transaction,Auto-Commit Toggle,CONFORMANCE SB-TXN-008,Not Started,High,3,,PH4-W11-001,On/off toggle,
PH4-W11-004,4,11,Transaction,Isolation Level Selector,MENU_SPEC §Transaction,Not Started,Medium,4,,PH4-W11-001,Level selection,
PH4-W11-005,4,11,Transaction,Transaction Status Indicator,-,Not Started,Medium,4,,PH4-W11-001,Status bar widget,
PH4-W11-006,4,11,Transaction,Commit/Rollback Confirmation,-,Not Started,Medium,4,,PH4-W11-001,Confirm dialog,
PH4-W11-007,4,11,Transaction,Transaction Testing,-,Not Started,High,4,,PH4-W11-001;PH4-W11-002;PH4-W11-003;PH4-W11-004;PH4-W11-005;PH4-W11-006,Full testing,
PH4-W12-001,4,12,Explain,Query Plan Capture,CONFORMANCE SB-ADMIN-004,Not Started,High,5,,,Parse plan,
PH4-W12-002,4,12,Explain,Explain Plan Dialog,IMPLEMENTATION Week 13,Not Started,High,6,,PH4-W12-001,Dialog UI,
PH4-W12-003,4,12,Explain,Plan Visualization Tree,IMPLEMENTATION Week 13,Not Started,High,6,,PH4-W12-002,Tree display,
PH4-W12-004,4,12,Results,Record View (Single Row),IMPLEMENTATION Week 12,Not Started,Medium,5,,,Form view,
PH4-W12-005,4,12,Results,View Toggle (Grid/Record/Text),FORM_SPEC §Results,Not Started,High,4,,PH4-W12-004,Toggle UI,
PH4-W12-006,4,12,Results,Result Pagination,IMPLEMENTATION Week 11,Not Started,Medium,4,,,Page controls,
PH4-W12-007,4,12,Explain,Explain Testing,-,Not Started,High,4,,PH4-W12-001;PH4-W12-002;PH4-W12-003,Working explain,
PH4-W13-001,4,13,Monitoring,Monitor Actions,MENU_SPEC §Monitor,Not Started,Medium,4,,,Action wiring,
PH4-W13-002,4,13,Monitoring,Connections Monitor,MENU_SPEC §Monitor,Not Started,High,6,,,Connections panel,
PH4-W13-003,4,13,Monitoring,Transactions Monitor,MENU_SPEC §Monitor,Not Started,High,6,,,Transactions panel,
PH4-W13-004,4,13,Monitoring,Locks Monitor,MENU_SPEC §Monitor,Not Started,Medium,5,,,Locks panel,
PH4-W13-005,4,13,Monitoring,Performance Monitor,MENU_SPEC §Monitor,Not Started,Medium,6,,,Performance panel,
PH4-W14-001,4,14,Tools,Generate DDL Dialog,MENU_SPEC §Tools,Not Started,High,6,,,DDL generation,
PH4-W14-002,4,14,Tools,Schema Compare (Basic),MENU_SPEC §Tools,Not Started,Medium,6,,,Compare schemas,
PH4-W14-003,4,14,Execution,Query Cancellation,CONFORMANCE SB-EXEC-010,Not Started,Critical,5,,,Cancel button,
PH4-W14-004,4,14,Integration,Monitoring Integration,-,Not Started,High,6,,PH4-W13-002;PH4-W13-003;PH4-W13-004;PH4-W13-005,All panels,
PH5-W15-001,5,15,Types,Date/Time Decoder,CONFORMANCE SB-TYPE-004,Not Started,High,5,,,Temporal types,
PH5-W15-002,5,15,Types,Decimal/Money Decoder,CONFORMANCE SB-TYPE-005,Not Started,High,5,,,Exact decimal,
PH5-W15-003,5,15,Types,JSON/JSONB Decoder,CONFORMANCE SB-TYPE-006,Not Started,Medium,4,,,JSON formatting,
PH5-W15-004,5,15,Types,Array/Composite Decoder,CONFORMANCE SB-TYPE-007,Not Started,Medium,5,,,Complex types,
PH5-W15-005,5,15,Types,Grid Cell Type Renderers,-,Not Started,High,5,,PH5-W15-001;PH5-W15-002;PH5-W15-003;PH5-W15-004,Per-type renderers,
PH5-W15-006,5,15,Types,Format Preferences,-,Not Started,Medium,4,,PH5-W15-001;PH5-W15-002,Date/Decimal formats,
PH5-W15-007,5,15,Types,Type Rendering Testing,-,Not Started,High,4,,PH5-W15-001;PH5-W15-002;PH5-W15-003;PH5-W15-004;PH5-W15-005;PH5-W15-006,All types working,
PH5-W16-001,5,16,Performance,Editor Performance (10K lines),IMPLEMENTATION Phase 2,Not Started,High,5,,,Profiling,
PH5-W16-002,5,16,Performance,Grid Performance (10K rows),IMPLEMENTATION Phase 2,Not Started,High,5,,,Virtual scrolling,
PH5-W16-003,5,16,Performance,Export Performance (100K rows),IMPLEMENTATION Phase 2,Not Started,High,4,,,Streaming,
PH5-W16-004,5,16,Testing,Unit Test Coverage,-,Not Started,Critical,6,,,>75% coverage,
PH5-W16-005,5,16,Testing,Integration Tests,-,Not Started,Critical,5,,,Core paths,
PH5-W16-006,5,16,Testing,UI Automation Tests,-,Not Started,Medium,4,,,Critical paths,
PH5-W16-007,5,16,Release,Final Bug Fixes,-,Not Started,Critical,3,,,Release ready,
